{"stats":{"minecraft:used":{"minecraft:glass":604,"minecraft:bedrock":77,"minecraft:redstone_lamp":2,"minecraft:glowstone":98,"minecraft:black_concrete":264,"minecraft:anvil":1,"minecraft:dirt":42,"minecraft:lime_concrete":45,"minecraft:comparator":22,"minecraft:orange_concrete":12,"minecraft:command_block":140,"minecraft:red_concrete":29,"minecraft:grass_block":10,"minecraft:spruce_button":1,"minecraft:yellow_concrete":17,"minecraft:chain_command_block":947,"minecraft:stone_button":33,"minecraft:oak_sign":79,"minecraft:white_concrete":108,"minecraft:redstone_block":28,"minecraft:blue_concrete":32},"minecraft:picked_up":{"minecraft:chain_command_block":2,"minecraft:command_block":2,"minecraft:diamond_sword":11,"minecraft:glowstone":1,"minecraft:white_concrete":2},"minecraft:custom":{"minecraft:time_since_rest":337985,"minecraft:crouch_one_cm":110084,"minecraft:play_one_minute":1171368,"minecraft:sprint_one_cm":586544,"minecraft:deaths":109,"minecraft:walk_one_cm":1038221,"minecraft:sneak_time":41898,"minecraft:interact_with_anvil":1,"minecraft:drop":18,"minecraft:jump":7999,"minecraft:leave_game":19,"minecraft:time_since_death":337960,"minecraft:fly_one_cm":6289152},"minecraft:dropped":{"minecraft:diamond_sword":11,"minecraft:command_block":2,"minecraft:chain_command_block":2,"minecraft:white_concrete":2,"minecraft:glowstone":1}},"DataVersion":2230}